USE QLKHACHSAN
GO

INSERT INTO KhachHang
VALUES
('1',N'Nguy?n B?o Ng?c',N'N?i ??a',N'N?','020100002314','0933111296'),
('2',N'Ph?m Gia An',N'N?i ??a','Nam','','0908475290'),
('3',N'Nguy?n Gia Nguyên',N'N?i ??a','Nam','079000003541','0923035130'),
('4',N'?oàn Di?m My',N'N?i ??a', N'N?','','0975385853'),
('5',N'Phan Nguy?n Duy Khánh',N'N?i ??a','Nam','07930000512','0120780745'),
('6',N'??ng Minh Quân',N'N?i ??a','Nam','','0986810782'),
('7',N'Tr?n Th?o Nhi',N'N?i ??a', N'N?','','0967675782'),
('8',N'Nguy?n Minh Khang',N'N?i ??a','Nam','','0786574686'),
('9',N'?? Cát Tiên',N'N?i ??a',N'N?','','0792375394'),
('10',N'Nguy?n Ng?c Thanh Tâm',N'N?i ??a','Nam','','0984069125'),
('11','Alex Nguyen',N'Qu?c t?',N'N?','','0987113433')
GO

INSERT INTO KhachHang
VALUES
('12',N'Nguy?n Th? H??ng Giang',N'N?i ??a',N'N?','079300008941','0923084987'),
('13','Max Crystal',N'Qu?c t?','Nam','','0969361643'),
('14',N'Lê Nh?t Minh',N'N?i ??a','Nam','','0987290647'),
('15',N'Lý Thanh Xuân',N'N?i ??a',N'N?','','0734822560'),
('16',N'Lê Nguy?n Hoàng Lan',N'N?i ??a',N'N?','023100005681','0759210127'),
('17',N'Ph?m Di?m My',N'N?i ??a',N'N?','','0977764750'),
('18',N'Cao Ng?c Y?n Nhi',N'N?i ??a',N'N?','','0727727266'),
('19',N'??ng Trúc Lâm',N'N?i ??a','Nam','','0908018346'),
('20',N'Lê Thanh Trúc',N'N?i ??a',N'N?','','0896632145'),
('21',N'H? Thanh Th?o',N'N?i ??a',N'N?','','0954812359'),
('22',N'Ngô Qu?c Tu?n',N'N?i ??a','Nam','','0625663281')
GO

INSERT INTO DichVu
VALUES
('DV001',N'C?m s??n','35000'),
('DV002',N'Mì xào bò','35000'),
('DV003',N'Bánh mì tr?ng','25000'),
('DV004',N'C?m chiên gà','40000'),
('DV005',N'Bánh mi ch?o','50000'),
('DV006',N'Sinh t? dâu','30000'),
('DV007',N'Sinh t? b?','30000'),
('DV008',N'Bánh g?o Hàn Qu?c','40000'),
('DV009',N'Ph? bò','50000'),
('DV010',N'Mì tr?n tr?ng','30000'),
('DV011',N'N??c ng?t','20000'),
('DV012',N'Mì gói không','10000'),
('DV013',N'Bia','20000'),
('DV014',N'N??c sâm','10000'),
('DV015',N'N??c su?i','8000'),
('DV016',N'Kh?n t?m','25000')
GO

INSERT INTO Kho
VALUES
('DV001','30'),
('DV002','25'),
('DV003','20'),
('DV004','23'),
('DV005','50'),
('DV006','40'),
('DV007','30'),
('DV008','10'),
('DV009','5'),
('DV010','20'),
('DV011','20'),
('DV012','30'),
('DV013','25'),
('DV014','20'),
('DV015','48'),
('DV016','2')
GO


INSERT INTO DSPhong
VALUES
('101','A','100000','1',''),
('102','A','100000','1',''),
('103','A','100000','2',''),
('104','B','120000','2',''),
('105','B','120000','2',''),
('106','B','120000','2',''),
('201','B','120000','2',''),
('202','B','100000','2',''),
('203','B','120000','2',''),
('204','B','120000','2','')
GO

INSERT INTO DSPhong
VALUES
('205','B','129000','1',''),
('206','C','200000','3',''),
('207','B','129000','1',''),
('208','C','200000','4',''),
('209','C','200000','3',''),
('300','C','200000','2',''),
('301','A','100000','1',''),
('302','B','129000','2',''),
('303','C','200000','3',''),
('304','A','100000','2','')
GO

